Workbook

Sheet Comida
A1: productTypeId | B1: productTypeVersion | C1: sku | D1: ean | E1: name | F1: category | G1: price | H1: stock | I1: Peso | J1: Tipo de peso | K1: Marca
A2: type-comida | B2: 1 | C2: SKU-001 | D2: EAN-001 | E2: Producto de ejemplo | F2: Categoría | G2: 0 | H2: 0 | I2: 0 | J2: Kg | K2: CatChow

Sheet Ejemplo
A1: productTypeId | B1: productTypeVersion | C1: sku | D1: ean | E1: name | F1: category | G1: price | H1: stock | I1: Texto | J1: Numero | K1: Fecha | L1: Select | M1: Multiselect | N1: Boolean
A2: type-ejemplo | B2: 1 | C2: SKU-001 | D2: EAN-001 | E2: Producto de ejemplo | F2: Categoría | G2: 0 | H2: 0 | J2: 0 | K2: 2026-01-01 | L2: 1 | M2: 1;2 | N2: true

Sheet Consolidado
A1: sku | B1: ean | C1: name | D1: productTypeId | E1: productTypeVersion | F1: category | G1: price | H1: stock | I1: attr_1 | J1: attr_2 | K1: attr_3 | L1: attr_4 | M1: attr_5 | N1: attr_6 | O1: attr_7 | P1: attr_8 | Q1: attr_9 | R1: attr_10
A2: =IF('Comida'!C2="","",'Comida'!C2) | B2: =IF('Comida'!D2="","",'Comida'!D2) | C2: =IF('Comida'!E2="","",'Comida'!E2) | D2: type-comida | E2: 1 | F2: =IF('Comida'!F2="","",'Comida'!F2) | G2: =IF('Comida'!G2="","",'Comida'!G2) | H2: =IF('Comida'!H2="","",'Comida'!H2)
A3: =IF('Comida'!C3="","",'Comida'!C3) | B3: =IF('Comida'!D3="","",'Comida'!D3) | C3: =IF('Comida'!E3="","",'Comida'!E3) | D3: type-comida | E3: 1 | F3: =IF('Comida'!F3="","",'Comida'!F3) | G3: =IF('Comida'!G3="","",'Comida'!G3) | H3: =IF('Comida'!H3="","",'Comida'!H3)
A4: =IF('Comida'!C4="","",'Comida'!C4) | B4: =IF('Comida'!D4="","",'Comida'!D4) | C4: =IF('Comida'!E4="","",'Comida'!E4) | D4: type-comida | E4: 1 | F4: =IF('Comida'!F4="","",'Comida'!F4) | G4: =IF('Comida'!G4="","",'Comida'!G4) | H4: =IF('Comida'!H4="","",'Comida'!H4)
A5: =IF('Comida'!C5="","",'Comida'!C5) | B5: =IF('Comida'!D5="","",'Comida'!D5) | C5: =IF('Comida'!E5="","",'Comida'!E5) | D5: type-comida | E5: 1 | F5: =IF('Comida'!F5="","",'Comida'!F5) | G5: =IF('Comida'!G5="","",'Comida'!G5) | H5: =IF('Comida'!H5="","",'Comida'!H5)
A6: =IF('Comida'!C6="","",'Comida'!C6) | B6: =IF('Comida'!D6="","",'Comida'!D6) | C6: =IF('Comida'!E6="","",'Comida'!E6) | D6: type-comida | E6: 1 | F6: =IF('Comida'!F6="","",'Comida'!F6) | G6: =IF('Comida'!G6="","",'Comida'!G6) | H6: =IF('Comida'!H6="","",'Comida'!H6)
A7: =IF('Comida'!C7="","",'Comida'!C7) | B7: =IF('Comida'!D7="","",'Comida'!D7) | C7: =IF('Comida'!E7="","",'Comida'!E7) | D7: type-comida | E7: 1 | F7: =IF('Comida'!F7="","",'Comida'!F7) | G7: =IF('Comida'!G7="","",'Comida'!G7) | H7: =IF('Comida'!H7="","",'Comida'!H7)
A8: =IF('Comida'!C8="","",'Comida'!C8) | B8: =IF('Comida'!D8="","",'Comida'!D8) | C8: =IF('Comida'!E8="","",'Comida'!E8) | D8: type-comida | E8: 1 | F8: =IF('Comida'!F8="","",'Comida'!F8) | G8: =IF('Comida'!G8="","",'Comida'!G8) | H8: =IF('Comida'!H8="","",'Comida'!H8)
A9: =IF('Comida'!C9="","",'Comida'!C9) | B9: =IF('Comida'!D9="","",'Comida'!D9) | C9: =IF('Comida'!E9="","",'Comida'!E9) | D9: type-comida | E9: 1 | F9: =IF('Comida'!F9="","",'Comida'!F9) | G9: =IF('Comida'!G9="","",'Comida'!G9) | H9: =IF('Comida'!H9="","",'Comida'!H9)
A10: =IF('Comida'!C10="","",'Comida'!C10) | B10: =IF('Comida'!D10="","",'Comida'!D10) | C10: =IF('Comida'!E10="","",'Comida'!E10) | D10: type-comida | E10: 1 | F10: =IF('Comida'!F10="","",'Comida'!F10) | G10: =IF('Comida'!G10="","",'Comida'!G10) | H10: =IF('Comida'!H10="","",'Comida'!H10)
A11: =IF('Comida'!C11="","",'Comida'!C11) | B11: =IF('Comida'!D11="","",'Comida'!D11) | C11: =IF('Comida'!E11="","",'Comida'!E11) | D11: type-comida | E11: 1 | F11: =IF('Comida'!F11="","",'Comida'!F11) | G11: =IF('Comida'!G11="","",'Comida'!G11) | H11: =IF('Comida'!H11="","",'Comida'!H11)
A12: =IF('Comida'!C12="","",'Comida'!C12) | B12: =IF('Comida'!D12="","",'Comida'!D12) | C12: =IF('Comida'!E12="","",'Comida'!E12) | D12: type-comida | E12: 1 | F12: =IF('Comida'!F12="","",'Comida'!F12) | G12: =IF('Comida'!G12="","",'Comida'!G12) | H12: =IF('Comida'!H12="","",'Comida'!H12)
A13: =IF('Comida'!C13="","",'Comida'!C13) | B13: =IF('Comida'!D13="","",'Comida'!D13) | C13: =IF('Comida'!E13="","",'Comida'!E13) | D13: type-comida | E13: 1 | F13: =IF('Comida'!F13="","",'Comida'!F13) | G13: =IF('Comida'!G13="","",'Comida'!G13) | H13: =IF('Comida'!H13="","",'Comida'!H13)
... A1001: =IF('Comida'!C1001="","",'Comida'!C1001) | B1001: =IF('Comida'!D1001="","",'Comida'!D1001) | C1001: =IF('Comida'!E1001="","",'Comida'!E1001) | D1001: type-comida | E1001: 1 | F1001: =IF('Comida'!F1001="","",'Comida'!F1001) | G1001: =IF('Comida'!G1001="","",'Comida'!G1001) | H1001: =IF('Comida'!H1001="","",'Comida'!H1001)
A1002: =IF('Ejemplo'!C2="","",'Ejemplo'!C2) | B1002: =IF('Ejemplo'!D2="","",'Ejemplo'!D2) | C1002: =IF('Ejemplo'!E2="","",'Ejemplo'!E2) | D1002: type-ejemplo | E1002: 1 | F1002: =IF('Ejemplo'!F2="","",'Ejemplo'!F2) | G1002: =IF('Ejemplo'!G2="","",'Ejemplo'!G2) | H1002: =IF('Ejemplo'!H2="","",'Ejemplo'!H2)
A1003: =IF('Ejemplo'!C3="","",'Ejemplo'!C3) | B1003: =IF('Ejemplo'!D3="","",'Ejemplo'!D3) | C1003: =IF('Ejemplo'!E3="","",'Ejemplo'!E3) | D1003: type-ejemplo | E1003: 1 | F1003: =IF('Ejemplo'!F3="","",'Ejemplo'!F3) | G1003: =IF('Ejemplo'!G3="","",'Ejemplo'!G3) | H1003: =IF('Ejemplo'!H3="","",'Ejemplo'!H3)
A1004: =IF('Ejemplo'!C4="","",'Ejemplo'!C4) | B1004: =IF('Ejemplo'!D4="","",'Ejemplo'!D4) | C1004: =IF('Ejemplo'!E4="","",'Ejemplo'!E4) | D1004: type-ejemplo | E1004: 1 | F1004: =IF('Ejemplo'!F4="","",'Ejemplo'!F4) | G1004: =IF('Ejemplo'!G4="","",'Ejemplo'!G4) | H1004: =IF('Ejemplo'!H4="","",'Ejemplo'!H4)
A1005: =IF('Ejemplo'!C5="","",'Ejemplo'!C5) | B1005: =IF('Ejemplo'!D5="","",'Ejemplo'!D5) | C1005: =IF('Ejemplo'!E5="","",'Ejemplo'!E5) | D1005: type-ejemplo | E1005: 1 | F1005: =IF('Ejemplo'!F5="","",'Ejemplo'!F5) | G1005: =IF('Ejemplo'!G5="","",'Ejemplo'!G5) | H1005: =IF('Ejemplo'!H5="","",'Ejemplo'!H5)
A1006: =IF('Ejemplo'!C6="","",'Ejemplo'!C6) | B1006: =IF('Ejemplo'!D6="","",'Ejemplo'!D6) | C1006: =IF('Ejemplo'!E6="","",'Ejemplo'!E6) | D1006: type-ejemplo | E1006: 1 | F1006: =IF('Ejemplo'!F6="","",'Ejemplo'!F6) | G1006: =IF('Ejemplo'!G6="","",'Ejemplo'!G6) | H1006: =IF('Ejemplo'!H6="","",'Ejemplo'!H6)
A1007: =IF('Ejemplo'!C7="","",'Ejemplo'!C7) | B1007: =IF('Ejemplo'!D7="","",'Ejemplo'!D7) | C1007: =IF('Ejemplo'!E7="","",'Ejemplo'!E7) | D1007: type-ejemplo | E1007: 1 | F1007: =IF('Ejemplo'!F7="","",'Ejemplo'!F7) | G1007: =IF('Ejemplo'!G7="","",'Ejemplo'!G7) | H1007: =IF('Ejemplo'!H7="","",'Ejemplo'!H7)
A1008: =IF('Ejemplo'!C8="","",'Ejemplo'!C8) | B1008: =IF('Ejemplo'!D8="","",'Ejemplo'!D8) | C1008: =IF('Ejemplo'!E8="","",'Ejemplo'!E8) | D1008: type-ejemplo | E1008: 1 | F1008: =IF('Ejemplo'!F8="","",'Ejemplo'!F8) | G1008: =IF('Ejemplo'!G8="","",'Ejemplo'!G8) | H1008: =IF('Ejemplo'!H8="","",'Ejemplo'!H8)
A1009: =IF('Ejemplo'!C9="","",'Ejemplo'!C9) | B1009: =IF('Ejemplo'!D9="","",'Ejemplo'!D9) | C1009: =IF('Ejemplo'!E9="","",'Ejemplo'!E9) | D1009: type-ejemplo | E1009: 1 | F1009: =IF('Ejemplo'!F9="","",'Ejemplo'!F9) | G1009: =IF('Ejemplo'!G9="","",'Ejemplo'!G9) | H1009: =IF('Ejemplo'!H9="","",'Ejemplo'!H9)
A1010: =IF('Ejemplo'!C10="","",'Ejemplo'!C10) | B1010: =IF('Ejemplo'!D10="","",'Ejemplo'!D10) | C1010: =IF('Ejemplo'!E10="","",'Ejemplo'!E10) | D1010: type-ejemplo | E1010: 1 | F1010: =IF('Ejemplo'!F10="","",'Ejemplo'!F10) | G1010: =IF('Ejemplo'!G10="","",'Ejemplo'!G10) | H1010: =IF('Ejemplo'!H10="","",'Ejemplo'!H10)
A1011: =IF('Ejemplo'!C11="","",'Ejemplo'!C11) | B1011: =IF('Ejemplo'!D11="","",'Ejemplo'!D11) | C1011: =IF('Ejemplo'!E11="","",'Ejemplo'!E11) | D1011: type-ejemplo | E1011: 1 | F1011: =IF('Ejemplo'!F11="","",'Ejemplo'!F11) | G1011: =IF('Ejemplo'!G11="","",'Ejemplo'!G11) | H1011: =IF('Ejemplo'!H11="","",'Ejemplo'!H11)
A1012: =IF('Ejemplo'!C12="","",'Ejemplo'!C12) | B1012: =IF('Ejemplo'!D12="","",'Ejemplo'!D12) | C1012: =IF('Ejemplo'!E12="","",'Ejemplo'!E12) | D1012: type-ejemplo | E1012: 1 | F1012: =IF('Ejemplo'!F12="","",'Ejemplo'!F12) | G1012: =IF('Ejemplo'!G12="","",'Ejemplo'!G12) | H1012: =IF('Ejemplo'!H12="","",'Ejemplo'!H12)
A1013: =IF('Ejemplo'!C13="","",'Ejemplo'!C13) | B1013: =IF('Ejemplo'!D13="","",'Ejemplo'!D13) | C1013: =IF('Ejemplo'!E13="","",'Ejemplo'!E13) | D1013: type-ejemplo | E1013: 1 | F1013: =IF('Ejemplo'!F13="","",'Ejemplo'!F13) | G1013: =IF('Ejemplo'!G13="","",'Ejemplo'!G13) | H1013: =IF('Ejemplo'!H13="","",'Ejemplo'!H13)
... A2001: =IF('Ejemplo'!C1001="","",'Ejemplo'!C1001) | B2001: =IF('Ejemplo'!D1001="","",'Ejemplo'!D1001) | C2001: =IF('Ejemplo'!E1001="","",'Ejemplo'!E1001) | D2001: type-ejemplo | E2001: 1 | F2001: =IF('Ejemplo'!F1001="","",'Ejemplo'!F1001) | G2001: =IF('Ejemplo'!G1001="","",'Ejemplo'!G1001) | H2001: =IF('Ejemplo'!H1001="","",'Ejemplo'!H1001)
